customer_id,first_name,last_name,gender,date_of_birth,email,phone_number,signup_date,address,city
3997,Robert,Smith,Female,1994-06-14 21:40:27,jane.davis1@mail.com,634-106-4981,2016-10-16 17:23:25,8465 Main St,San Antonio
4101,Emily,Garcia,Female,1989-09-21 17:56:31,robert.williams2@mail.com,386-635-5998,2021-04-04 14:24:06,305 Main St,New York
3986,Jessica,Brown,Male,1984-01-21 21:43:13,emily.davis3@mail.com,627-341-5213,2018-04-22 04:51:57,5725 Oak St,Chicago
4078,Michael,Brown,Male,1986-02-06 13:09:53,,126-662-8981,2018-07-06 17:45:14,8468 Oak St,Los Angeles
4042,Robert,Jones,Male,1996-12-05 05:10:11,robert.martinez5@mail.com,758-947-2802,2018-03-11 01:43:10,2820 Maple St,Chicago
4000,Linda,Garcia,Male,1981-06-28 01:55:30,william.davis6@mail.com,781-582-3504,2020-07-29 19:11:28,4537 Main St,Chicago
4092,Alex,Jones,,1987-05-21 06:38:51,john.williams7@mail.com,687-991-1638,2018-01-02 08:22:41,5773 Maple St,Phoenix
4097,Robert,Garcia,Male,1961-08-23 20:07:35,john.davis8@mail.com,177-295-1630,2018-02-21 18:52:20,6277 Pine St,Chicago
4119,Jessica,Martinez,Female,1969-03-06 17:14:56,michael.davis9@mail.com,879-819-9602,2022-01-18 17:11:58,4148 Oak St,Chicago
4061,Michael,Smith,Female,1964-04-09 15:55:20,sarah.rodriguez10@mail.com,319-694-5299,2020-03-22 03:08:52,5143 Oak St,Houston
4088,Emily,Martinez,Female,1962-06-20 03:18:26,william.jones11@mail.com,925-216-2350,2018-01-11 12:50:14,2137 Pine St,
4083,Jessica,Rodriguez,Male,1963-12-13 08:08:29,michael.martinez12@mail.com,266-475-3071,2018-11-24 14:53:14,4838 Pine St,Houston
4107,Jessica,Miller,Female,1991-06-24 12:15:45,jessica.garcia13@mail.com,933-962-7201,2019-05-26 14:23:14,8291 Elm St,Houston
4036,Alex,Williams,Female,1983-02-06 08:30:24,john.garcia14@mail.com,137-725-5082,2016-03-15 00:14:48,9794 Oak St,New York
3972,Sarah,Garcia,Female,1979-11-05 06:23:53,jessica.smith15@mail.com,556-723-1316,2022-11-04 13:09:46,9298 Oak St,Houston
4104,Michael,Rodriguez,Female,1974-07-17 17:33:24,emily.smith16@mail.com,795-532-4869,2018-08-30 23:17:24,3846 Oak St,Phoenix
4025,Jane,Miller,Female,1968-07-25 00:08:32,linda.miller17@mail.com,312-519-5125,2020-10-10 16:48:06,203 Oak St,Phoenix
4033,Jessica,Davis,Male,1973-11-27 22:13:41,jane.rodriguez18@mail.com,628-343-4187,2021-05-22 12:10:29,9426 Oak St,San Antonio
3990,Sarah,Smith,Male,1987-10-11 20:00:58,linda.smith19@mail.com,404-325-3945,2020-05-25 05:30:40,1750 Pine St,New York
4047,Jane,Jones,Female,1963-01-20 01:53:38,linda.smith20@mail.com,560-453-9456,2020-09-09 01:36:11,3903 Elm St,San Antonio
4014,Michael,Jones,Female,1991-01-24 07:41:45,alex.garcia21@mail.com,806-428-5950,2018-01-04 04:27:17,6595 Elm St,San Antonio
4070,John,Martinez,Female,1971-06-18 20:39:32,alex.williams22@mail.com,879-369-4003,2017-01-05 11:20:26,2072 Maple St,Philadelphia
3963,Linda,Brown,Male,1989-04-06 14:54:24,emily.davis23@mail.com,151-770-3879,2022-11-28 19:19:23,2511 Elm St,Los Angeles
4090,Sarah,Miller,Male,1973-04-22 18:25:29,jessica.miller24@mail.com,580-709-1376,2021-03-19 13:16:25,3505 Maple St,Los Angeles
4070,John,Martinez,Female,1971-06-18 20:39:32,alex.williams22@mail.com,879-369-4003,2017-01-05 11:20:26,2072 Maple St,Philadelphia
4120,William,Davis,Female,1973-03-23 22:54:46,john.martinez25@mail.com,647-514-2268,2015-02-08 20:37:41,5392 Pine St,Houston
3975,John,Rodriguez,Male,1990-06-05 18:52:51,emily.miller26@mail.com,176-688-3530,2019-12-13 12:04:57,1293 Oak St,Houston
4028,Linda,Smith,Male,1972-10-28 16:39:44,sarah.davis27@mail.com,386-731-1631,2021-02-17 14:58:37,5463 Elm St,Philadelphia
4040,Alex,Miller,Female,1986-03-07 07:13:42,emily.williams28@mail.com,490-228-8752,2015-04-25 19:18:24,9451 Oak St,Houston
3991,Robert,Davis,Male,1998-03-20 23:30:29,linda.davis29@mail.com,793-512-6216,2020-01-22 04:49:56,5906 Pine St,Los Angeles
4018,Emily,Williams,Male,1998-01-09 17:07:04,john.garcia30@mail.com,653-114-9137,2016-06-22 10:17:05,1606 Elm St,San Antonio
4076,William,Garcia,Female,1983-03-17 23:41:26,jessica.williams31@mail.com,989-670-9683,2021-02-18 10:29:58,2113 Pine St,Chicago
4032,Alex,Jones,Male,1992-07-24 09:36:39,jessica.rodriguez32@mail.com,205-979-9257,2021-02-07 15:34:02,3981 Maple St,Phoenix
3976,Michael,Rodriguez,Male,1970-12-27 12:42:08,john.jones33@mail.com,535-194-2423,2021-10-23 10:24:03,5863 Pine St,Chicago
3970,Alex,Jones,Female,1981-10-08 09:55:44,jane.williams34@mail.com,869-802-7565,2015-07-10 17:08:42,5623 Maple St,Chicago
4111,Robert,Rodriguez,Male,1995-09-13 02:42:35,michael.brown35@mail.com,742-871-2583,2020-07-25 07:10:14,8935 Elm St,Los Angeles
4102,Michael,Martinez,Male,1990-06-17 12:48:50,jessica.brown36@mail.com,621-431-5549,2015-05-19 13:07:30,1324 Elm St,Chicago
4041,William,Brown,Female,1960-05-18 17:09:47,linda.garcia37@mail.com,273-283-7921,2021-01-07 13:42:55,5085 Pine St,Philadelphia
4093,Robert,Rodriguez,Female,1961-01-14 21:01:30,emily.jones38@mail.com,217-188-6319,2018-01-17 00:14:11,1582 Pine St,New York
3987,Jane,Jones,Female,1980-01-08 17:03:41,john.johnson39@mail.com,406-663-1453,2020-10-30 10:48:14,933 Pine St,Houston
3978,Emily,Martinez,Male,1983-03-30 01:32:17,jessica.davis40@mail.com,482-157-9352,2021-02-14 06:42:43,5007 Elm St,New York
4016,William,Rodriguez,Female,1971-04-21 17:29:24,sarah.smith41@mail.com,720-532-8251,2017-03-06 08:04:09,9904 Oak St,San Antonio
4030,Jane,Williams,Male,1967-09-06 14:30:14,robert.martinez42@mail.com,153-892-2035,2015-06-10 04:18:03,3201 Elm St,Phoenix
4091,Linda,Brown,Female,1991-01-04 11:36:29,emily.martinez43@mail.com,216-793-6304,2016-09-27 08:54:01,4339 Main St,Houston
4013,William,Rodriguez,Male,1997-04-21 22:01:27,robert.johnson44@mail.com,322-448-7563,2021-10-17 12:14:13,820 Maple St,Chicago
3983,Linda,Martinez,Female,1967-08-22 11:51:48,alex.williams45@mail.com,255-337-3793,2018-02-21 11:42:52,7429 Oak St,Phoenix
4094,Michael,Miller,Female,1996-11-13 07:01:11,jessica.martinez46@mail.com,903-126-5756,2019-03-19 18:46:31,2999 Elm St,Houston
4012,Jane,Johnson,Female,1975-11-15 12:17:35,sarah.smith47@mail.com,504-604-9182,2017-02-26 21:27:36,4066 Elm St,Philadelphia
4001,Emily,Davis,Female,1995-07-23 06:37:12,alex.miller48@mail.com,193-864-2827,2021-05-18 07:18:42,7888 Elm St,Philadelphia
4038,Robert,Johnson,Male,1978-05-12 05:06:37,robert.williams49@mail.com,963-911-7277,2017-01-03 05:23:05,1168 Pine St,Philadelphia
4118,Jessica,Johnson,Female,1997-11-12 17:48:32,linda.rodriguez50@mail.com,356-360-2770,2020-05-19 00:57:55,2542 Pine St,Philadelphia
4074,Alex,Smith,Female,1961-12-20 07:29:46,john.davis51@mail.com,736-765-4988,2022-09-01 17:53:48,9972 Main St,Chicago
3996,John,Williams,Male,1961-08-11 02:08:15,jessica.miller52@mail.com,383-371-8182,2016-04-16 22:09:56,1885 Elm St,New York
3969,Emily,Miller,Female,1993-01-24 03:15:31,alex.smith53@mail.com,461-822-4155,2018-02-02 10:33:46,5680 Elm St,Houston
3967,Jane,Garcia,Male,1977-09-18 15:41:47,robert.martinez54@mail.com,639-692-2003,2017-12-31 09:19:36,5913 Pine St,Chicago
4043,Jessica,Rodriguez,Female,1980-11-27 18:59:33,alex.williams55@mail.com,301-120-2268,2019-11-18 06:08:23,6330 Maple St,Philadelphia
4027,Emily,Davis,Female,1965-03-07 11:08:32,linda.garcia56@mail.com,562-509-8894,2017-08-25 06:07:22,3218 Maple St,San Antonio
4024,Jane,Brown,Female,1975-06-11 03:42:20,william.johnson57@mail.com,741-741-1526,2021-05-20 03:03:42,5681 Pine St,New York
4034,Sarah,Miller,Male,1988-02-14 07:10:03,jane.brown58@mail.com,900-101-2029,2017-05-15 09:57:04,9422 Oak St,San Antonio
4017,Sarah,Jones,Female,1981-02-25 03:52:48,robert.rodriguez59@mail.com,845-866-6382,2021-08-07 08:06:44,185 Pine St,Phoenix
4110,Linda,Garcia,Female,1973-02-01 13:43:23,jessica.martinez60@mail.com,732-600-1976,2016-06-18 01:41:15,7346 Main St,San Antonio
4006,Emily,Smith,Female,1985-02-10 19:21:47,linda.brown61@mail.com,434-526-6809,2022-08-08 04:26:31,8030 Main St,Phoenix
4015,Sarah,Smith,Male,1993-09-18 14:36:46,emily.garcia62@mail.com,122-707-5449,2021-10-24 07:08:19,6069 Oak St,Phoenix
4037,Jane,Miller,Male,1974-07-05 15:50:48,jane.johnson63@mail.com,,2019-01-25 16:29:27,7343 Oak St,Philadelphia
4073,Linda,Martinez,Female,1973-12-26 18:08:19,jessica.jones64@mail.com,995-212-8133,2017-01-26 06:23:18,4797 Maple St,Phoenix
3999,Jane,Johnson,Male,1975-06-02 21:22:04,michael.jones65@mail.com,821-191-6621,2020-02-23 03:17:46,8873 Elm St,Los Angeles
4007,Linda,Jones,Female,1966-10-01 23:43:38,jane.garcia66@mail.com,711-911-9012,2018-06-26 08:34:34,8530 Main St,Houston
4113,Emily,Smith,Female,1989-05-29 23:52:50,jessica.brown67@mail.com,375-377-6273,2021-02-05 23:52:44,1625 Maple St,Houston
3981,Jessica,Davis,Female,1974-10-21 22:51:59,jane.garcia68@mail.com,150-529-9069,2020-05-26 12:05:55,6423 Main St,Philadelphia
4059,Robert,Smith,Female,1998-09-18 11:17:30,jessica.brown69@mail.com,171-402-1890,2018-01-19 11:56:10,1570 Oak St,Los Angeles
4023,William,Brown,Female,1983-11-10 04:53:53,alex.johnson70@mail.com,486-649-4925,2022-07-20 20:49:59,5787 Elm St,San Antonio
4115,Jessica,Rodriguez,Female,1996-09-11 00:17:00,alex.jones71@mail.com,134-406-8820,2016-05-27 21:56:46,1269 Main St,Chicago
3958,Michael,Smith,Female,1984-02-08 21:51:26,sarah.jones72@mail.com,783-825-5311,2018-02-21 02:57:18,8146 Pine St,San Antonio
3966,Jane,Brown,Male,1985-03-18 02:02:11,robert.brown73@mail.com,518-412-5135,2016-10-12 03:26:00,5032 Elm St,Chicago
4075,Michael,Miller,Male,1978-09-20 05:32:21,william.williams74@mail.com,916-122-5640,2021-08-21 00:34:42,1407 Main St,Phoenix
3962,Jessica,Miller,Male,1994-05-13 07:19:51,john.martinez75@mail.com,197-790-5755,2019-09-05 20:33:06,9780 Maple St,New York
4068,Linda,Garcia,Male,1977-12-07 05:58:48,linda.miller76@mail.com,528-578-2560,2017-06-24 20:52:24,2114 Main St,Chicago
3971,William,Smith,Male,1962-04-23 15:55:34,alex.garcia77@mail.com,374-877-8428,2018-08-15 03:14:31,7014 Oak St,New York
4020,William,Davis,Male,1971-01-10 22:31:54,michael.johnson78@mail.com,776-169-3658,2018-12-25 18:30:58,8937 Maple St,Houston
4044,John,Smith,Male,1982-11-09 13:36:08,alex.williams79@mail.com,121-494-1060,2017-09-29 08:09:26,2997 Pine St,New York
4054,William,Davis,Female,1995-06-26 03:31:42,john.miller80@mail.com,605-134-1811,2017-02-04 07:55:24,2315 Oak St,Houston
4054,William,Davis,Female,1995-06-26 03:31:42,john.miller80@mail.com,605-134-1811,2017-02-04 07:55:24,2315 Oak St,Houston
4122,Robert,Williams,Female,1992-03-16 00:20:16,jane.brown81@mail.com,126-670-1101,2022-10-20 06:11:59,5128 Main St,Los Angeles
3959,William,Garcia,Female,1969-05-24 04:22:08,jessica.jones82@mail.com,265-183-5477,2015-08-28 11:38:34,2747 Pine St,Los Angeles
4066,Jessica,Williams,Female,1960-11-29 06:22:18,linda.miller83@mail.com,452-455-3484,2021-10-18 10:31:23,4834 Elm St,Philadelphia
4002,John,Smith,Male,1990-08-30 08:33:37,sarah.miller84@mail.com,717-522-5504,2015-09-19 04:32:15,3391 Maple St,Philadelphia
4105,Jessica,Garcia,Male,1965-08-26 09:49:43,emily.garcia85@mail.com,929-351-5769,2019-09-26 10:02:24,5161 Main St,Phoenix
4080,Jessica,Williams,Female,1974-11-19 17:16:38,william.rodriguez86@mail.com,355-702-9719,2020-06-15 14:55:11,1899 Pine St,Chicago
3964,Alex,Johnson,Female,1972-07-14 11:19:16,robert.williams87@mail.com,291-285-3647,2017-09-17 14:04:33,7255 Oak St,Phoenix
4109,John,Smith,Male,1989-02-16 12:47:23,john.brown88@mail.com,694-325-1625,2017-02-21 02:21:23,1075 Oak St,Houston
4010,Jessica,Williams,Female,1982-02-11 18:32:09,john.jones89@mail.com,252-251-3994,2016-10-10 04:45:12,832 Pine St,Phoenix
4071,Alex,Johnson,Female,1982-05-05 21:17:31,robert.smith90@mail.com,559-323-3342,2015-09-02 01:37:27,570 Elm St,New York
4009,Alex,Johnson,Female,1987-09-21 14:51:53,linda.johnson91@mail.com,178-578-8949,2022-04-10 18:14:58,45 Oak St,Houston
4045,John,Miller,Female,1974-05-09 00:02:25,,578-722-7388,2019-09-28 13:03:59,7775 Oak St,Philadelphia
4058,Michael,Smith,Male,1968-05-14 10:26:04,robert.miller93@mail.com,766-836-5294,2021-11-14 17:39:50,1166 Oak St,Los Angeles
4011,Linda,Johnson,Female,1987-11-23 20:40:17,sarah.jones94@mail.com,441-126-7774,2019-03-17 16:00:06,7925 Maple St,Philadelphia
4035,Robert,Miller,Female,1997-11-27 23:47:06,michael.garcia95@mail.com,622-826-6313,2018-11-13 05:45:55,9436 Main St,Chicago
4086,Linda,Williams,Male,1961-10-02 02:56:46,jane.rodriguez96@mail.com,233-978-2902,2015-07-25 17:48:32,3434 Main St,Houston
3985,William,Brown,Male,1962-12-26 20:18:04,john.smith97@mail.com,173-514-6559,2018-04-13 09:41:15,1264 Main St,Houston
4026,Robert,Smith,Female,1978-01-29 10:45:15,robert.rodriguez98@mail.com,411-245-4205,2019-08-29 16:16:49,7081 Main St,New York
4008,William,Garcia,Male,1973-05-26 12:41:49,linda.miller99@mail.com,744-807-7615,2019-12-31 03:28:56,3887 Maple St,Chicago
4022,Jessica,Davis,Female,1973-11-20 15:38:33,emily.jones100@mail.com,798-592-1351,2016-07-14 22:06:45,956 Elm St,Los Angeles
4062,Jane,Davis,Female,1990-09-24 14:43:48,linda.davis101@mail.com,719-636-4755,2019-06-04 23:14:08,7785 Main St,San Antonio
4087,John,Williams,Male,1998-02-16 23:44:56,linda.brown102@mail.com,149-447-4609,2017-01-22 01:35:09,2888 Main St,Houston
3998,Robert,Martinez,Female,1983-05-03 16:08:03,michael.smith103@mail.com,515-408-1806,2020-09-07 15:45:48,407 Main St,Houston
3982,Robert,Martinez,Female,1983-02-28 20:34:24,jane.garcia104@mail.com,210-235-8717,2016-08-15 01:23:51,345 Elm St,New York
4052,Jessica,Williams,Female,1976-05-07 22:24:23,jessica.rodriguez105@mail.com,370-703-9214,2019-10-02 14:51:48,835 Main St,Phoenix
4100,Michael,Johnson,Female,1984-11-14 02:56:11,robert.brown106@mail.com,536-607-2321,2016-06-09 03:36:32,9064 Maple St,Los Angeles
4103,Alex,Smith,Male,1965-03-03 23:03:15,sarah.smith107@mail.com,830-776-9540,2021-06-04 22:10:24,6951 Main St,Philadelphia
3974,Jessica,Davis,Male,1989-11-16 17:06:14,alex.miller108@mail.com,340-516-9768,2015-05-24 13:45:21,6904 Elm St,Chicago
3994,Sarah,Davis,Female,1985-03-02 14:48:41,alex.rodriguez109@mail.com,191-908-6556,2016-01-24 11:53:18,7621 Maple St,Houston
4048,Alex,Johnson,Male,1989-03-07 04:01:02,jane.davis110@mail.com,199-178-4514,2020-11-01 08:22:38,2317 Maple St,Houston
4082,John,Davis,Female,1965-10-08 09:37:41,william.miller111@mail.com,955-161-2321,2021-04-04 15:18:55,3795 Pine St,Philadelphia
4055,Alex,Garcia,Female,1978-02-03 05:23:28,jessica.williams112@mail.com,812-801-3722,2020-07-23 21:23:39,5359 Pine St,Los Angeles
3973,Michael,Smith,Female,1991-01-18 23:21:50,linda.williams113@mail.com,132-694-1903,2019-09-06 17:30:04,238 Maple St,Phoenix
4099,Alex,Rodriguez,Female,1990-07-14 12:03:22,jessica.martinez114@mail.com,914-343-4731,2016-04-13 18:23:02,5485 Pine St,Houston
4067,John,Davis,Female,1984-09-15 15:35:18,robert.garcia115@mail.com,638-518-5454,2020-05-01 05:37:49,3682 Oak St,Los Angeles
4053,,Williams,Male,1978-03-22 17:16:17,michael.williams116@mail.com,760-967-9407,2019-03-19 08:58:52,869 Main St,Philadelphia
4069,Linda,Garcia,Female,1984-02-24 03:20:00,robert.miller117@mail.com,568-359-4595,2015-09-26 23:48:26,3911 Maple St,New York
4063,Robert,Davis,Male,1976-12-12 03:51:18,michael.davis118@mail.com,533-573-2441,2020-09-09 18:02:02,2654 Maple St,Phoenix
4098,Robert,Garcia,Male,1988-08-03 11:21:52,john.johnson119@mail.com,897-945-8368,2019-10-12 01:08:27,5793 Pine St,Chicago
4084,William,Miller,Female,1980-08-31 11:54:02,sarah.garcia120@mail.com,742-603-1456,2018-02-16 22:14:08,8544 Maple St,Houston
4051,Linda,Rodriguez,Female,1986-12-17 04:38:05,jessica.brown121@mail.com,729-390-3231,2016-11-11 07:40:33,8451 Pine St,Los Angeles
4117,Linda,Jones,Female,1978-04-30 20:32:04,linda.rodriguez122@mail.com,292-944-6339,2017-12-29 12:03:09,9812 Elm St,New York
4072,Alex,Williams,Female,1962-10-24 23:13:06,jane.davis123@mail.com,476-629-6304,2022-05-27 15:36:37,6498 Pine St,Chicago
4114,Robert,Williams,Female,1998-07-04 07:31:00,linda.rodriguez124@mail.com,590-401-2559,2022-09-20 16:02:44,4924 Pine St,San Antonio
3979,John,Smith,Male,1985-11-27 20:35:41,jessica.martinez125@mail.com,350-122-5814,2018-12-29 20:52:31,3068 Pine St,Los Angeles
4005,Emily,Garcia,Female,1989-06-24 05:07:05,michael.jones126@mail.com,889-241-4820,2021-10-21 06:19:23,,Los Angeles
4050,Emily,Johnson,Female,1989-02-27 18:48:36,michael.smith127@mail.com,141-912-7458,2021-11-18 05:36:58,9676 Pine St,Chicago
3992,Michael,Williams,Male,1963-05-01 01:05:06,emily.miller128@mail.com,544-384-6514,2017-02-19 18:22:44,2379 Elm St,New York
4081,Robert,Garcia,Male,1993-08-12 21:17:39,john.garcia129@mail.com,647-382-1926,2022-04-15 00:38:09,6124 Pine St,San Antonio
4077,Robert,Garcia,Female,1982-07-06 05:30:13,emily.miller130@mail.com,392-200-8281,2015-12-24 22:10:16,3994 Maple St,Philadelphia
4003,Emily,Brown,Male,1973-12-03 16:41:07,emily.garcia131@mail.com,442-727-7605,2020-07-13 20:21:31,3858 Elm St,New York
3957,Robert,Brown,Female,1993-10-26 08:11:12,sarah.jones132@mail.com,732-740-5237,2019-03-19 05:58:49,6924 Oak St,Phoenix
3995,Alex,Jones,Male,1997-02-05 18:26:00,sarah.martinez133@mail.com,924-800-7391,2019-09-13 14:21:15,5180 Main St,Houston
4049,Sarah,Miller,Male,1996-12-11 11:58:15,robert.rodriguez134@mail.com,565-638-9589,2015-04-06 20:01:18,7825 Elm St,Chicago
3977,Jane,Jones,Female,1999-04-23 21:37:52,emily.miller135@mail.com,362-629-5221,2016-04-02 23:25:05,5282 Pine St,Philadelphia
4004,Linda,Davis,Male,1965-04-28 02:30:59,linda.rodriguez136@mail.com,125-707-1108,2015-01-19 12:21:52,9322 Pine St,San Antonio
3965,William,Johnson,Male,1980-06-18 21:53:55,jane.jones137@mail.com,832-674-9111,2015-01-27 05:04:16,4261 Main St,Chicago
4031,Michael,Davis,Male,1977-12-25 10:54:48,john.martinez138@mail.com,778-350-9654,2019-06-07 00:59:18,8851 Pine St,Chicago
4096,Sarah,Martinez,Male,1961-09-23 01:11:18,john.miller139@mail.com,510-200-7829,2017-12-14 05:40:14,6765 Elm St,New York
4021,Emily,Davis,Male,1978-11-27 15:23:31,jane.smith140@mail.com,932-583-7334,2016-08-19 00:18:54,9111 Maple St,Houston
4089,Linda,Smith,Male,1976-06-12 06:32:40,jessica.smith141@mail.com,566-916-2910,2017-07-13 05:20:15,1461 Elm St,Phoenix
4056,Robert,Davis,Female,1987-04-14 16:19:47,alex.johnson142@mail.com,767-578-1818,2018-12-03 22:17:40,6277 Main St,Los Angeles
4057,William,Jones,Female,1977-06-27 03:12:19,william.brown143@mail.com,103-492-2892,2020-05-16 20:05:18,9468 Pine St,Los Angeles
4116,Robert,Williams,Male,1987-08-31 06:49:31,jessica.johnson144@mail.com,379-565-2752,2015-11-14 10:25:36,6873 Main St,Chicago
4065,John,Williams,Female,1974-10-09 10:59:50,alex.williams145@mail.com,659-525-9035,2016-04-24 17:36:38,8587 Oak St,Houston
3988,John,Brown,Female,1995-11-28 22:28:19,linda.miller146@mail.com,851-834-6529,2016-10-19 08:06:42,2926 Maple St,San Antonio
3968,William,Johnson,Female,1992-06-13 10:50:56,alex.davis147@mail.com,128-135-5801,2020-07-08 01:10:27,6174 Maple St,San Antonio
3984,William,Johnson,Male,1971-12-13 06:27:26,william.miller148@mail.com,990-347-5933,2017-06-25 03:54:03,809 Maple St,Philadelphia
4112,Emily,Smith,Female,1981-09-01 10:49:05,michael.davis149@mail.com,991-808-3312,2021-02-04 16:06:52,5020 Oak St,New York
4046,William,Jones,Male,1965-09-28 17:02:18,alex.williams150@mail.com,682-950-6019,2018-06-27 06:03:31,8622 Main St,Houston
4060,Alex,Brown,Female,1988-09-07 13:48:22,alex.miller151@mail.com,609-227-4381,2016-06-30 06:38:25,4809 Oak St,Houston
4095,Robert,Martinez,Male,1964-05-22 17:03:40,emily.jones152@mail.com,438-234-9178,2019-08-10 03:32:00,8989 Oak St,New York
3960,Sarah,Johnson,Male,1999-07-12 03:03:20,jessica.brown153@mail.com,348-589-1862,2015-08-26 01:24:14,5356 Main St,San Antonio
3989,Jessica,Williams,Female,1971-02-05 15:02:11,emily.rodriguez154@mail.com,194-188-1474,2021-01-05 03:31:36,1419 Maple St,San Antonio
3961,William,Davis,Female,1967-01-14 06:11:24,linda.williams155@mail.com,631-668-7477,2021-02-13 03:13:54,4707 Maple St,San Antonio
4064,Michael,Davis,Male,1983-02-05 10:03:15,linda.miller156@mail.com,896-482-9990,2021-03-16 18:55:20,6818 Elm St,Chicago
4029,John,Brown,Female,,william.miller157@mail.com,225-381-9656,2016-12-09 00:33:34,1489 Maple St,
4085,Alex,Jones,Female,1963-07-10 17:12:10,robert.rodriguez158@mail.com,824-383-3901,2019-11-06 07:45:46,5348 Main St,Los Angeles
4079,Linda,Jones,Female,1994-06-27 22:04:01,linda.johnson159@mail.com,374-631-3792,2015-07-18 01:49:34,8340 Pine St,New York
4039,Jessica,Miller,Male,1978-09-30 03:00:58,robert.brown160@mail.com,786-926-3649,2018-07-18 21:20:25,3490 Main St,San Antonio
4108,Sarah,Rodriguez,Male,1964-04-03 10:20:37,emily.johnson161@mail.com,456-897-6002,2020-07-26 05:55:51,8169 Main St,Philadelphia
4019,Jessica,Johnson,Female,1960-06-28 11:50:38,michael.jones162@mail.com,864-192-1759,2017-08-02 17:31:12,8690 Oak St,San Antonio
3980,William,Jones,Female,1965-08-06 12:33:14,michael.miller163@mail.com,273-310-4466,2022-07-03 02:01:28,1356 Main St,San Antonio
4121,Emily,Williams,Female,1966-10-16 09:17:03,jane.martinez164@mail.com,605-300-6210,2019-10-10 19:46:42,9435 Pine St,Phoenix
4106,John,Brown,Male,1968-11-07 19:25:57,michael.jones165@mail.com,698-707-5864,2017-09-02 19:37:54,8405 Elm St,Chicago
3993,John,Martinez,Male,1970-07-22 15:15:02,linda.jones166@mail.com,312-496-4290,2018-05-20 08:20:38,7160 Maple St,New York
4101,Emily,Garcia,Female,1989-09-21 17:56:31,robert.williams2@mail.com,386-635-5998,2021-04-04 14:24:06,305 Main St,New York